 InstanceId,InstanceType,Placement,PrivateIpAddress,VpcId,SubnetId,SecurityGroups,Name,Deployment,InstanceGroup
i-0c1146d538ebf3271,t2.medium,us-gov-west-1c,,vpc-83f0e0e6,subnet-14584f52,"consul20181218211849423900000008, ssh_access20181218211848774400000006",vault-consul-2.ns2-development,,i-0c1146d538ebf3271
i-092082489388f9fc3,t2.small,us-gov-west-1a,,vpc-1e12097b,subnet-c8a40fbe,service-fabrik-bosh-services,pgpool/efd0d236-5af0-4a67-ab93-b5b37ccf2eac,pgpool,i-092082489388f9fc3
i-0eaacd2fed161202e,t2.small,us-gov-west-1a,,vpc-1e12097b,subnet-c8a40fbe,service-fabrik-bosh-services,pgpool/83456246-3845-4632-b1db-d7762dc98fda,pgpool,i-0eaacd2fed161202e
i-0d000564043f04673,t2.medium,us-gov-west-1a,,vpc-1e12097b,subnet-c8a40fbe,service-fabrik-bosh-services,postgresql/79c92492-ecba-47c1-b090-b0e76427c80a,postgresql,i-0d000564043f04673
i-00be98f43c84d4dca,t2.small,us-gov-west-1a,,vpc-1e12097b,subnet-c8a40fbe,service-fabrik-bosh-services,pgpool/e3f28d10-a0df-4d0e-a70f-f67d8defbbc1,pgpool,i-00be98f43c84d4dca
i-06d6756752709973c,t2.small,us-gov-west-1a,,vpc-1e12097b,subnet-c8a40fbe,service-fabrik-bosh-services,pgpool/d4827c1f-6788-4d8d-899b-bc6c7278ca61,pgpool,i-06d6756752709973c
i-06cf00f1f43b52894,t2.small,us-gov-west-1a,,vpc-1e12097b,subnet-c8a40fbe,service-fabrik-bosh-services,pgpool/61c9e2df-4115-492e-bf72-b7abadb6e139,pgpool,i-06cf00f1f43b52894
i-0079c38ed9c9a013b,c4.large,us-gov-west-1a,,vpc-6c0a1109,subnet-02ba1174,"application-logging-entrypoint-client, logsearch-entrypoint-client, cf, cf-router, bosh-dns-service, riemann-general-client, ldap-wrapper-entrypoint-client",nats/68f36c56-4296-44a9-a104-5c6b7a56d86c,nats,i-0079c38ed9c9a013b
i-01b8c952e7872d4cd,t2.small,us-gov-west-1a,,vpc-1e12097b,subnet-c8a40fbe,service-fabrik-bosh-services,pgpool/fdd40a7c-a56f-4525-8ced-fda122eb2a87,pgpool,i-01b8c952e7872d4cd
i-0c6a4d5c014967ff8,t2.small,us-gov-west-1a,,vpc-1e12097b,subnet-c8a40fbe,service-fabrik-bosh-services,postgresql/07325372-3a21-4336-8c13-0989d2d20ca9,postgresql,i-0c6a4d5c014967ff8
i-043076c32ef953f27,t2.small,us-gov-west-1a,,vpc-1e12097b,subnet-c8a40fbe,service-fabrik-bosh-services,pgpool/048b710d-5c8b-47e1-aa3b-663f1c57499f,pgpool,i-043076c32ef953f27
i-0c7dbc4aad102677b,c4.large,us-gov-west-1a,,vpc-6c0a1109,subnet-02ba1174,"cf-router-accessible, bosh-dns-service, bosh-deployment, cf-nats-client, riemann-general-client, logsearch-elasticsearch",kafka-manager/9e2018e8-0283-415b-ade3-90aa36470c49,kafka-manager,i-0c7dbc4aad102677b
i-0d0e34fa471288b18,t2.medium,us-gov-west-1b,,vpc-83f0e0e6,subnet-05a00b61,"consul20181218211849423900000008, vault_ns2-development20181218211848774200000005",vault-1-ns2-development,,i-0d0e34fa471288b18
i-0207c1f92c643893a,t2.large,us-gov-west-1a,,vpc-1e12097b,subnet-c8a40fbe,service-fabrik-bosh-services,postgresql/3cb92b35-f588-47d0-80f9-f7a8bd324d80,postgresql,i-0207c1f92c643893a
i-0c8d531127d030d75,m4.large,us-gov-west-1b,,vpc-6c0a1109,subnet-9113a2f5,"logsearch-entrypoint-client, application-logging-elasticsearch, cf-router-accessible, bosh-dns-service, bosh-deployment, cf-nats-client, riemann-general-client",web/6f5a039d-6ab4-455b-a87b-e1d9f8d619c5,web,i-0c8d531127d030d75
i-0790d8a32961d6033,c4.xlarge,us-gov-west-1a,,vpc-6c0a1109,subnet-02ba1174,"logsearch-entrypoint-client, cf, cf-router, bosh-dns-service",ha_proxy_z1/abab1dd0-662e-4a6a-a9dd-7d5d31b1cc63,ha_proxy_z1,i-0790d8a32961d6033
i-067bb0ec7f8fbdbf9,m4.xlarge,us-gov-west-1b,,vpc-1e12097b,subnet-a014a5c4,service-fabrik-bosh-services,mongodb/4dada853-3edf-4bde-8533-6b5fb1e8230d,mongodb,i-067bb0ec7f8fbdbf9
i-0d4c97fbcb0270551,c4.xlarge,us-gov-west-1a,,vpc-6c0a1109,subnet-02ba1174,"jumpbox, cf-router-accessible, concourse, bosh-dns-service, cf-nats-client",db/b0334672-d128-410d-89c0-c573eac01a76,db,i-0d4c97fbcb0270551
i-09f97ad8601d3e80b,t2.small,us-gov-west-1a,,vpc-1e12097b,subnet-c8a40fbe,service-fabrik-bosh-services,pgpool/189a0eea-8733-4ba0-b85a-35c972244174,pgpool,i-09f97ad8601d3e80b
i-0524462122138657c,c4.large,us-gov-west-1a,,vpc-6c0a1109,subnet-02ba1174,"application-logging-entrypoint-client, logsearch-entrypoint-client, cf, cf-router, bosh-dns-service, riemann-general-client, ldap-wrapper-entrypoint-client",uaa/34b376d2-4172-4e37-948b-b8075fca841d,uaa,i-0524462122138657c
i-0949488b27ddd2ff9,m4.xlarge,us-gov-west-1a,,vpc-1e12097b,subnet-c8a40fbe,service-fabrik-bosh-services,mongodb/eddb0162-04cb-4327-a77f-3a419a1e7a33,mongodb,i-0949488b27ddd2ff9
i-064984bdf47348053,m4.large,us-gov-west-1a,,vpc-6c0a1109,subnet-02ba1174,"cf-router-accessible, bosh-dns-service, cf-nats-client, riemann, grafana, riemann-general-client",riemann/b3e2de85-fc39-4044-8b1b-49e28952e42a,riemann,i-064984bdf47348053
i-057cdc53ec7d3c56e,c4.xlarge,us-gov-west-1a,,vpc-6c0a1109,subnet-36ad0640,"logsearch-entrypoint-client, application-logging-elasticsearch, cf-router-accessible, bosh-dns-service, bosh-deployment, cf-nats-client, riemann-general-client",log_parser/0128cec2-be51-46f3-b013-44297ca18b7b,log_parser,i-057cdc53ec7d3c56e
i-09c8ceb75d3babe9c,t2.micro,us-gov-west-1a,,vpc-6c0a1109,subnet-43af0435,"bosh-dns-service, bosh-deployment",dummy/55f35ecb-3fbe-4afa-8831-6d034d192bb2,dummy,i-09c8ceb75d3babe9c
i-0f3dd73622383713c,c4.xlarge,us-gov-west-1b,,vpc-6c0a1109,subnet-9e2899fa,"cf-router-accessible, bosh-dns-service, bosh-deployment, cf-nats-client, riemann-general-client, logsearch-elasticsearch",kafka/81eafff8-7047-4ce2-9122-a2a292e799b4,kafka,i-0f3dd73622383713c
i-01882dacd68c2faef,c4.large,us-gov-west-1a,,vpc-6c0a1109,subnet-36ad0640,"logsearch-entrypoint-client, application-logging-elasticsearch, cf-router-accessible, bosh-dns-service, bosh-deployment, cf-nats-client, riemann-general-client",elasticsearch_master/1832c195-79d8-48e7-bb7f-e2fa50e9e76a,elasticsearch_master,i-01882dacd68c2faef
i-0deb6d3e3c187db63,t2.small,us-gov-west-1a,,vpc-1e12097b,subnet-c8a40fbe,service-fabrik-bosh-services,pgpool/d86b2bc0-be49-400d-aa03-4a9e59240c10,pgpool,i-0deb6d3e3c187db63
i-0ba13e05616f10b0d,t2.small,us-gov-west-1a,,vpc-1e12097b,subnet-c8a40fbe,service-fabrik-bosh-services,pgpool/7dee72a1-add3-4aa6-98d5-d41d7955903b,pgpool,i-0ba13e05616f10b0d
i-0277af1d75980d957,c4.large,us-gov-west-1a,,vpc-6c0a1109,subnet-36ad0640,"logsearch-entrypoint-client, application-logging-elasticsearch, cf-router-accessible, bosh-dns-service, bosh-deployment, cf-nats-client, riemann-general-client",metric_collector/189f8793-1617-4627-9739-f9ba94f4e948,metric_collector,i-0277af1d75980d957
i-01f2f316be691b5ec,t2.nano,us-gov-west-1a,,vpc-83f0e0e6,subnet-ae64c6d8,"ssh_access20181218211848774400000006, bastion_host20181218211849287800000007",bastion.vault.ns2-sac-dev,,i-01f2f316be691b5ec
i-007ae4c331fd90ea5,c4.large,us-gov-west-1a,,vpc-6c0a1109,subnet-02ba1174,"cf-router-accessible, bosh-dns-service, bosh-deployment, cf-nats-client, riemann-general-client, logsearch-elasticsearch",zookeeper/163fc4a1-1a23-4381-9fcc-133037e04c66,zookeeper,i-007ae4c331fd90ea5
i-030a0a837aea26b62,m4.large,us-gov-west-1a,,vpc-6c0a1109,subnet-02ba1174,"application-logging-entrypoint-client, logsearch-entrypoint-client, cf, cf-router, bosh-dns-service, riemann-general-client, ldap-wrapper-entrypoint-client",scheduler/947ada53-3dff-4429-8bfd-bea1bbe4cb86,scheduler,i-030a0a837aea26b62
i-0efb9853880c487a7,c4.xlarge,us-gov-west-1a,,vpc-6c0a1109,subnet-02ba1174,"application-logging-entrypoint-client, logsearch-entrypoint-client, cf, cf-router, bosh-dns-service, riemann-general-client, ldap-wrapper-entrypoint-client",doppler/6a40aff7-a13c-4060-bc6f-eeaefa6fcf6c,doppler,i-0efb9853880c487a7
i-051709c0b1d35cc6a,t2.small,us-gov-west-1a,,vpc-1e12097b,subnet-c8a40fbe,service-fabrik-bosh-services,pgpool/45acf0a0-b7e1-4d7f-8559-d64fe64f8ef0,pgpool,i-051709c0b1d35cc6a
i-04b1979367a2d0f77,t2.small,us-gov-west-1a,,vpc-1e12097b,subnet-c8a40fbe,service-fabrik-bosh-services,redis/99fc41db-24fc-4313-9cce-ea79237e9d30,redis,i-04b1979367a2d0f77
i-0f595f8dce4ca8e11,c4.xlarge,us-gov-west-1b,,vpc-6c0a1109,subnet-9e2899fa,"jumpbox, cf-router-accessible, concourse, bosh-dns-service, cf-nats-client",worker/01cb1530-bf44-4def-9011-a7edbc05bb0c,worker,i-0f595f8dce4ca8e11
i-0ea36e7be26c8ac9d,m4.2xlarge,us-gov-west-1a,,vpc-6c0a1109,subnet-02ba1174,"logsearch-entrypoint-client, cf, cf-router, bosh-dns-service, riemann-general-client",diego-cell/8233496d-5782-4f33-94a1-98160317972c,diego-cell,i-0ea36e7be26c8ac9d
i-0102cd81709bd1f69,c4.xlarge,us-gov-west-1a,,vpc-6c0a1109,subnet-02ba1174,"jumpbox, cf-router-accessible, concourse, bosh-dns-service, cf-nats-client",worker/885be7d2-8632-49e7-998b-da4222297b43,worker,i-0102cd81709bd1f69
i-001ba76dad4cf77b8,t2.small,us-gov-west-1a,,vpc-1e12097b,subnet-c8a40fbe,service-fabrik-bosh-services,pgpool/0092b0e3-ca5e-4d80-bb44-f8f661ad4913,pgpool,i-001ba76dad4cf77b8
i-0fd386dbdefc6ef31,m4.2xlarge,us-gov-west-1a,,vpc-6c0a1109,subnet-02ba1174,"logsearch-entrypoint-client, cf, cf-router, bosh-dns-service, riemann-general-client",diego-cell/6e3c2fdd-7da6-4587-b10e-5c4d71677f9e,diego-cell,i-0fd386dbdefc6ef31
i-04b03477556661fdd,t2.medium,us-gov-west-1b,,vpc-83f0e0e6,subnet-05a00b61,"consul20181218211849423900000008, ssh_access20181218211848774400000006",vault-consul-1.ns2-development,,i-04b03477556661fdd
i-0a711543936fac70a,t2.medium,us-gov-west-1b,,vpc-1e12097b,subnet-e52f9e81,service-fabrik,mongodb/ed6cf9d2-7775-4f04-af7d-0fd5e48ae53f,mongodb,i-0a711543936fac70a
i-0bc4b09eb3c61c87f,t2.small,us-gov-west-1a,,vpc-1e12097b,subnet-c8a40fbe,service-fabrik-bosh-services,pgpool/c1937684-a771-4f19-ba9a-7c5dcb92e9d3,pgpool,i-0bc4b09eb3c61c87f
i-0fa8962e91ef5f13d,c4.2xlarge,us-gov-west-1b,,vpc-6c0a1109,subnet-9113a2f5,"logsearch-entrypoint-client, application-logging-elasticsearch, cf-router-accessible, bosh-dns-service, bosh-deployment, cf-nats-client, riemann-general-client",elasticsearch_data/e53f0f4b-16dd-4433-8c71-0966c71e9f2f,elasticsearch_data,i-0fa8962e91ef5f13d
i-0e1eba4bf0423f721,m4.xlarge,us-gov-west-1b,,vpc-1e12097b,subnet-a014a5c4,service-fabrik-bosh-services,mongodb/bfd186a9-dbeb-47a1-856e-13ac8b40661c,mongodb,i-0e1eba4bf0423f721
i-0be8794c99670ef1f,c4.large,us-gov-west-1b,,vpc-6c0a1109,subnet-9113a2f5,"logsearch-entrypoint-client, application-logging-elasticsearch, cf-router-accessible, bosh-dns-service, bosh-deployment, cf-nats-client, riemann-general-client",metric_collector/63617ce0-c474-4572-a54b-e8f29c1552e3,metric_collector,i-0be8794c99670ef1f
i-0b3f927c41673ec37,c4.xlarge,us-gov-west-1a,,vpc-6c0a1109,subnet-02ba1174,"cf-router-accessible, bosh-dns-service, bosh-deployment, cf-nats-client, riemann-general-client, logsearch-elasticsearch",log_parser/de55fd89-13a7-4040-85e8-42fe9ac9ca6b,log_parser,i-0b3f927c41673ec37
i-0ec9db5e34b332854,t2.small,us-gov-west-1a,,vpc-1e12097b,subnet-c8a40fbe,service-fabrik-bosh-services,pgpool/1fd6f6f1-3ad1-4769-99dd-7211d8f4f3bc,pgpool,i-0ec9db5e34b332854
i-0d1cbfadebe07170d,c4.large,us-gov-west-1a,,vpc-6c0a1109,subnet-02ba1174,"cf-router-accessible, bosh-dns-service, bosh-deployment, cf-nats-client, riemann-general-client, logsearch-elasticsearch",alert/52584d7b-e3f3-4a07-bbd4-1f030ddca482,alert,i-0d1cbfadebe07170d
i-090d727a284a448c9,c4.large,us-gov-west-1a,,vpc-6c0a1109,subnet-02ba1174,"cf-router-accessible, bosh-dns-service, cf-nats-client, riemann, grafana, riemann-general-client",grafana/04d5e906-bccb-4990-bd9b-09296e4b4bf2,grafana,i-090d727a284a448c9
i-0d728469a4dd27d9f,m4.large,us-gov-west-1a,,vpc-1e12097b,subnet-bfb318c9,service-fabrik-docker-services,docker/54a34c1a-16f2-457f-bf8a-35c538bd4ff1,docker,i-0d728469a4dd27d9f
i-08e40413a24c32ed3,c4.xlarge,us-gov-west-1a,,vpc-6c0a1109,subnet-36ad0640,"logsearch-entrypoint-client, application-logging-elasticsearch, cf-router-accessible, bosh-dns-service, bosh-deployment, cf-nats-client, riemann-general-client",metric_parser/a577e317-ee5b-43bb-a1bf-e980f05064a7,metric_parser,i-08e40413a24c32ed3
i-07cf7fe7e0d53bb60,t2.micro,us-gov-west-1b,,vpc-1e12097b,subnet-a014a5c4,service-fabrik-bosh-services,haproxy/79bc3099-7c22-46f9-a647-ab0de50d08e2,haproxy,i-07cf7fe7e0d53bb60
i-063e8df1f5e2115ee,t2.medium,us-gov-west-1a,,vpc-1e12097b,subnet-c8a40fbe,service-fabrik-bosh-services,postgresql/963e40e4-a62c-46b8-b7f8-3a4016b1cf13,postgresql,i-063e8df1f5e2115ee
i-008f62e05857e21d5,c4.2xlarge,us-gov-west-1a,,vpc-6c0a1109,subnet-02ba1174,"cf-router-accessible, bosh-dns-service, bosh-deployment, cf-nats-client, riemann-general-client, logsearch-elasticsearch",elasticsearch_data/a8b96337-413b-4e9b-8a37-950346d9d87c,elasticsearch_data,i-008f62e05857e21d5
i-03a27791cd7a8dd9a,c4.large,us-gov-west-1a,,vpc-6c0a1109,subnet-02ba1174,"application-logging-entrypoint-client, logsearch-entrypoint-client, cf, cf-router, bosh-dns-service, riemann-general-client, ldap-wrapper-entrypoint-client",cc-worker/c8743028-e0a8-44e1-b6dc-5abc087fcafa,cc-worker,i-03a27791cd7a8dd9a
i-0223caf4bfc06b6ee,t2.medium,us-gov-west-1b,,vpc-1e12097b,subnet-a014a5c4,service-fabrik-bosh-services,haproxy/c2b7479e-b443-44fd-9429-33c04648734d,haproxy,i-0223caf4bfc06b6ee
i-0684383bbae2565c9,c4.2xlarge,us-gov-west-1b,,vpc-6c0a1109,subnet-9e2899fa,"cf-router-accessible, bosh-dns-service, bosh-deployment, cf-nats-client, riemann-general-client, logsearch-elasticsearch",elasticsearch_data/62b228fd-9171-46e8-8119-bddd58c72048,elasticsearch_data,i-0684383bbae2565c9
i-02d106a9118de42a6,c4.large,us-gov-west-1b,,vpc-6c0a1109,subnet-9113a2f5,"logsearch-entrypoint-client, application-logging-elasticsearch, cf-router-accessible, bosh-dns-service, bosh-deployment, cf-nats-client, riemann-general-client",elasticsearch_master/b4d455c8-f418-4cf9-815c-5a9d5d6d503c,elasticsearch_master,i-02d106a9118de42a6
i-00bc7b6b57b534bbd,c4.xlarge,us-gov-west-1a,,vpc-6c0a1109,subnet-02ba1174,"cf-router-accessible, bosh-dns-service, bosh-deployment, cf-nats-client, riemann-general-client, logsearch-elasticsearch",kafka/178e79dd-4347-43cf-b50c-531b94fcb16c,kafka,i-00bc7b6b57b534bbd
i-0998fb6d8ffc5b9ce,t2.micro,us-gov-west-1b,,vpc-1e12097b,subnet-a014a5c4,service-fabrik-bosh-services,rabbitmq/99aea7c1-f635-4a71-913e-283186966d19,rabbitmq,i-0998fb6d8ffc5b9ce
i-0d577d34661a2bdfe,t2.medium,us-gov-west-1a,,vpc-1e12097b,subnet-c8a40fbe,service-fabrik-bosh-services,postgresql/8b00a91d-3bda-4e54-9d28-9de1c681417b,postgresql,i-0d577d34661a2bdfe
i-06d395880c16582d6,c4.xlarge,us-gov-west-1b,,vpc-6c0a1109,subnet-9e2899fa,"cf-router-accessible, bosh-dns-service, bosh-deployment, cf-nats-client, riemann-general-client, logsearch-elasticsearch",log_parser/77baaa7c-d78c-489d-b8d3-d9bb6442c81d,log_parser,i-06d395880c16582d6
i-047474d8ad076ad8e,t2.large,us-gov-west-1a,,vpc-1e12097b,subnet-a1b219d7,service-fabrik,etcd/aa02d162-4a0f-4c6e-bbbe-edfe479c7544,etcd,i-047474d8ad076ad8e
i-02edded624d8b7260,c4.large,us-gov-west-1b,,vpc-6c0a1109,subnet-9e2899fa,"cf-router-accessible, bosh-dns-service, bosh-deployment, cf-nats-client, riemann-general-client, logsearch-elasticsearch",ingestor_syslog/f22add1b-a2d3-4927-8ce7-ef385174b6fb,ingestor_syslog,i-02edded624d8b7260
i-00c6b72fd70d05685,c4.xlarge,us-gov-west-1a,,vpc-6c0a1109,subnet-02ba1174,"cf-router-accessible, bosh-dns-service, bosh-deployment, cf-nats-client, riemann-general-client, logsearch-elasticsearch",kafka/af8f7a53-76cf-48c3-a38c-bf8e6819af76,kafka,i-00c6b72fd70d05685
i-0e56aa9f8d9b2dcf6,t2.small,us-gov-west-1a,,vpc-1e12097b,subnet-c8a40fbe,service-fabrik-bosh-services,pgpool/5c1f3d24-8907-4851-b0c9-351e66d33e1b,pgpool,i-0e56aa9f8d9b2dcf6
i-0eb029e8c6e1235e1,m4.xlarge,us-gov-west-1b,,vpc-1e12097b,subnet-a014a5c4,service-fabrik-bosh-services,mongodb/5c0fd97c-b0f4-4257-9df3-e7971f93fa96,mongodb,i-0eb029e8c6e1235e1
i-0b45b2611523a20fc,c4.xlarge,us-gov-west-1b,,vpc-6c0a1109,subnet-9e2899fa,"logsearch-entrypoint-client, cf, cf-router, bosh-dns-service",ha_proxy_z2/aa0aaa83-9b76-4691-856b-98d514a5e9f1,ha_proxy_z2,i-0b45b2611523a20fc
i-08297b5dba3409fa8,c4.xlarge,us-gov-west-1a,,vpc-6c0a1109,subnet-02ba1174,"cf-router-accessible, bosh-dns-service, bosh-deployment, cf-nats-client, riemann-general-client, logsearch-elasticsearch",log_parser/407f48e0-5a9c-417e-a52e-1ab13be159f9,log_parser,i-08297b5dba3409fa8
i-0c56a70c7bc39b4ed,t2.medium,us-gov-west-1b,,vpc-1e12097b,subnet-e52f9e81,service-fabrik,mongodb/8929611c-a6d1-426c-981e-e4ed23f77ea8,mongodb,i-0c56a70c7bc39b4ed
i-0824fe23098d25bd1,c4.xlarge,us-gov-west-1a,,vpc-6c0a1109,subnet-36ad0640,"logsearch-entrypoint-client, application-logging-elasticsearch, cf-router-accessible, application-logging-entrypoint, bosh-dns-service, bosh-deployment, cf-nats-client, riemann-general-client",sleeve_forwarder/b122f8c0-8c05-476d-8ea9-c2514133bcc2,sleeve_forwarder,i-0824fe23098d25bd1
i-06490d54e0a004d1a,t2.large,us-gov-west-1a,,vpc-1e12097b,subnet-c8a40fbe,service-fabrik-bosh-services,postgresql/b4e5c25e-5e25-4878-a6f3-36de4a7e3e85,postgresql,i-06490d54e0a004d1a
i-0550b289ca4ea4c7c,m4.2xlarge,us-gov-west-1a,,vpc-6c0a1109,subnet-02ba1174,"logsearch-entrypoint-client, cf, cf-router, bosh-dns-service, riemann-general-client",diego-cell/531bd69a-e9be-4961-80c4-4879c8319918,diego-cell,i-0550b289ca4ea4c7c
i-07910678544e4012a,t2.small,us-gov-west-1a,,vpc-1e12097b,subnet-c8a40fbe,service-fabrik-bosh-services,pgpool/a1850801-e81b-4f26-953f-c1cda5220f4c,pgpool,i-07910678544e4012a
i-0662847c642ef21e6,t2.small,us-gov-west-1a,,vpc-1e12097b,subnet-c8a40fbe,service-fabrik-bosh-services,pgpool/aee79335-ce3d-441a-b11d-f414fa2b4fe7,pgpool,i-0662847c642ef21e6
i-0005ffda0fdef03dd,c4.large,us-gov-west-1a,,vpc-6c0a1109,subnet-36ad0640,"logsearch-entrypoint-client, application-logging-elasticsearch, cf-router-accessible, bosh-dns-service, bosh-deployment, cf-nats-client, riemann-general-client",kafka-manager/9f006f6e-e992-487e-88dc-81b367546b94,kafka-manager,i-0005ffda0fdef03dd
i-07e6fb91a68a02caf,c4.xlarge,us-gov-west-1a,,vpc-6c0a1109,subnet-36ad0640,"logsearch-entrypoint-client, application-logging-elasticsearch, cf-router-accessible, bosh-dns-service, bosh-deployment, cf-nats-client, riemann-general-client",kafka/627ff34f-123e-45a3-9dc9-ef8973c514fa,kafka,i-07e6fb91a68a02caf
i-0ac11ef50a35364a0,t2.medium,us-gov-west-1a,,vpc-83f0e0e6,subnet-459a3833,"consul20181218211849423900000008, ssh_access20181218211848774400000006",vault-consul-0.ns2-development,,i-0ac11ef50a35364a0
i-0b576d4d34bfe865a,m4.large,us-gov-west-1a,,vpc-6c0a1109,subnet-02ba1174,"application-logging-entrypoint-client, logsearch-entrypoint-client, cf, cf-router, bosh-dns-service, riemann-general-client, ldap-wrapper-entrypoint-client",api/28ab3aa4-2366-437c-970f-538578a24d78,api,i-0b576d4d34bfe865a
i-079c6e82f480e2346,c4.4xlarge,us-gov-west-1a,,vpc-6c0a1109,subnet-43af0435,"bosh, bosh-dns-service",bosh/b595269e-73d5-43cd-a828-7abb02b8e7ba,bosh,i-079c6e82f480e2346
i-0e047d9eb21f7ec22,t2.medium,us-gov-west-1b,,vpc-1e12097b,subnet-e52f9e81,service-fabrik,mongodb/dad17bb2-c300-4901-a1ed-d4f3cf9c6b71,mongodb,i-0e047d9eb21f7ec22
i-03d234f44c002a493,c4.large,us-gov-west-1b,,vpc-6c0a1109,subnet-9e2899fa,"cf-router-accessible, bosh-dns-service, bosh-deployment, cf-nats-client, riemann-general-client, logsearch-elasticsearch",web/e944b058-b219-40dd-ae21-90d0b06a32e8,web,i-03d234f44c002a493
i-0bd7b93bd5aa9718b,r4.large,us-gov-west-1a,,vpc-676b3302,subnet-5624d620,launch-wizard-4,ns2scpnk1db,,i-0bd7b93bd5aa9718b
i-053c94d60f3b61f97,t2.medium,us-gov-west-1a,,vpc-1e12097b,subnet-c8a40fbe,service-fabrik-bosh-services,postgresql/7b73a0ce-226f-48a3-b3c5-5c227b8b17d0,postgresql,i-053c94d60f3b61f97
i-023378c90025ac4f9,c4.large,us-gov-west-1b,,vpc-6c0a1109,subnet-9e2899fa,"cf-router-accessible, bosh-dns-service, bosh-deployment, cf-nats-client, riemann-general-client, logsearch-elasticsearch",zookeeper/488af5ab-e65a-4893-b633-af627a9cc40e,zookeeper,i-023378c90025ac4f9
i-030a2c392d9dfbbae,r4.2xlarge,us-gov-west-1a,,vpc-676b3302,subnet-5624d620,launch-wizard-2,ns2scpdh1db,,i-030a2c392d9dfbbae
i-0e976356789a68592,m4.xlarge,us-gov-west-1a,,vpc-1e12097b,subnet-c8a40fbe,service-fabrik-bosh-services,mongodb/dd3702d9-6ccf-43eb-89f6-c87f8e441640,mongodb,i-0e976356789a68592
i-02c7c60887200f552,t2.medium,us-gov-west-1a,,vpc-1e12097b,subnet-c8a40fbe,service-fabrik-bosh-services,postgresql/0a90bc75-4cc4-4f10-a6a2-0e4416e07715,postgresql,i-02c7c60887200f552
i-0be49742323703f4d,c4.large,us-gov-west-1a,,vpc-6c0a1109,subnet-02ba1174,"cf-router-accessible, bosh-dns-service, cf-nats-client, riemann, grafana, riemann-general-client",influxdb/c9b751a1-cf4c-4eee-bf4f-138dba2013f7,influxdb,i-0be49742323703f4d
i-0a7e42dc33ef8de71,m4.large,us-gov-west-1a,,vpc-6c0a1109,subnet-36ad0640,"logsearch-entrypoint-client, application-logging-elasticsearch, cf-router-accessible, bosh-dns-service, bosh-deployment, cf-nats-client, riemann-general-client",web/7bccf1f3-13f8-45fe-a2bf-87ab5b75a24a,web,i-0a7e42dc33ef8de71
i-0833e72b1110d8fbd,m4.xlarge,us-gov-west-1b,,vpc-1e12097b,subnet-a014a5c4,service-fabrik-bosh-services,rabbitmq/e1607e47-1275-4cec-ac6d-5820b9adfa85,rabbitmq,i-0833e72b1110d8fbd
i-0310735eaa48c5fb4,c4.xlarge,us-gov-west-1a,,vpc-6c0a1109,subnet-02ba1174,"logsearch-entrypoint-client, cf, cf-router, bosh-dns-service",ha_proxy_z1/fe41ac6a-e961-4dd8-b452-8209d53a18fd,ha_proxy_z1,i-0310735eaa48c5fb4
i-08b63cfd043d116fc,t2.medium,us-gov-west-1b,,vpc-1e12097b,subnet-a014a5c4,service-fabrik-bosh-services,haproxy/82fd7fb6-d24d-46d8-9e20-08b0748164fd,haproxy,i-08b63cfd043d116fc
i-0c8d25bb8a2539903,t2.large,us-gov-west-1a,,vpc-1e12097b,subnet-a1b219d7,service-fabrik,etcd/2e077b06-7441-4661-b876-a295b2ed5b26,etcd,i-0c8d25bb8a2539903
i-0d5a9d9887543a7a8,t2.small,us-gov-west-1a,,vpc-1e12097b,subnet-c8a40fbe,service-fabrik-bosh-services,pgpool/1385a3ff-5cb8-4483-9306-2dfd482c5c6c,pgpool,i-0d5a9d9887543a7a8
i-0c9190051464d539d,c4.large,us-gov-west-1a,,vpc-6c0a1109,subnet-02ba1174,"cf-router-accessible, bosh-dns-service, bosh-deployment, cf-nats-client, riemann-general-client, logsearch-elasticsearch",zookeeper/8243f706-7acf-41c7-8624-c32c5400e590,zookeeper,i-0c9190051464d539d
i-00d45de0959f383f4,c4.large,us-gov-west-1a,,vpc-6c0a1109,subnet-02ba1174,"cf-router-accessible, bosh-dns-service, bosh-deployment, cf-nats-client, riemann-general-client, logsearch-elasticsearch",ingestor_syslog/23445fb8-7780-46c0-97ff-ffb037117100,ingestor_syslog,i-00d45de0959f383f4
i-05801fe729e87af37,t2.medium,us-gov-west-1a,,vpc-1e12097b,subnet-c8a40fbe,service-fabrik-bosh-services,postgresql/344aa0a1-1390-4e25-8ade-b8af5a622063,postgresql,i-05801fe729e87af37
i-0ee021d3dbc2526b0,t2.micro,us-gov-west-1a,,vpc-1e12097b,subnet-6e8b2018,service-fabrik-compilation,dummy/9fbf38ce-7bf1-4e41-bb1e-b49c95252b3c,dummy,i-0ee021d3dbc2526b0
i-08fcf55902a6d8848,m4.4xlarge,us-gov-west-1a,,vpc-1e12097b,subnet-c8a40fbe,service-fabrik-bosh-services,postgresql/fbe79d8b-6f46-42ed-8386-37be37e25e9f,postgresql,i-08fcf55902a6d8848
i-0606196cfca49fa07,c4.xlarge,us-gov-west-1b,,vpc-6c0a1109,subnet-9e2899fa,"cf-router-accessible, bosh-dns-service, bosh-deployment, cf-nats-client, riemann-general-client, logsearch-elasticsearch",log_parser/c2b33e05-7ab3-4bf1-bd1e-2af9f1982186,log_parser,i-0606196cfca49fa07
i-0eb81b947fc360392,m4.2xlarge,us-gov-west-1a,,vpc-6c0a1109,subnet-02ba1174,"logsearch-entrypoint-client, cf, cf-router, bosh-dns-service, riemann-general-client",diego-cell/cb1e5fc2-6eb8-4a69-83de-dd26bffa73f7,diego-cell,i-0eb81b947fc360392
i-08836974505c790e7,m4.xlarge,us-gov-west-1b,,vpc-1e12097b,subnet-a014a5c4,service-fabrik-bosh-services,rabbitmq/d2d4add8-934d-4edd-8364-676f56d49f69,rabbitmq,i-08836974505c790e7
i-04f7e456ef6c384c1,t2.small,us-gov-west-1a,,vpc-1e12097b,subnet-c8a40fbe,service-fabrik-bosh-services,pgpool/435859de-bfa7-40cd-846c-2c049ac9187b,pgpool,i-04f7e456ef6c384c1
i-00ae178d154c54a9d,t2.small,us-gov-west-1a,,vpc-1e12097b,subnet-c8a40fbe,service-fabrik-bosh-services,pgpool/236f51b6-7b38-4ed4-b7b5-e8af72a77556,pgpool,i-00ae178d154c54a9d
i-0bf8a3731f6a274d8,c4.2xlarge,us-gov-west-1a,,vpc-1e12097b,subnet-a1b219d7,service-fabrik,broker/a0c1cd17-b7e9-4975-8aba-eb16b023faea,broker,i-0bf8a3731f6a274d8
i-089ab96c522b9535d,c4.xlarge,us-gov-west-1b,,vpc-6c0a1109,subnet-9e2899fa,"cf-router-accessible, bosh-dns-service, bosh-deployment, cf-nats-client, riemann-general-client, logsearch-elasticsearch",log_parser/96ff16fc-fc88-4ad1-8d0b-da7058533377,log_parser,i-089ab96c522b9535d
i-06016afdda5a700d8,c4.large,us-gov-west-1a,,vpc-6c0a1109,subnet-02ba1174,"application-logging-entrypoint-client, logsearch-entrypoint-client, cf, cf-router, bosh-dns-service, riemann-general-client, ldap-wrapper-entrypoint-client",singleton-blobstore/8ae66e9b-10e0-465e-8da8-af272e85c9f6,singleton-blobstore,i-06016afdda5a700d8
i-017fef2af43d4b5cb,c4.large,us-gov-west-1a,,vpc-6c0a1109,subnet-02ba1174,"cf-router-accessible, bosh-dns-service, bosh-deployment, cf-nats-client, riemann-general-client, logsearch-elasticsearch",ingestor_syslog/50498ea7-d26d-48ae-82cd-208b8a5e6e3f,ingestor_syslog,i-017fef2af43d4b5cb
i-02e2362827849fa42,t2.medium,us-gov-west-1a,,vpc-1e12097b,subnet-c8a40fbe,service-fabrik-bosh-services,postgresql/0a10985b-d679-4614-b2e1-d30674a23368,postgresql,i-02e2362827849fa42
i-0507c95e0f2771f4f,m4.large,us-gov-west-1a,,vpc-6c0a1109,subnet-02ba1174,"application-logging-entrypoint-client, logsearch-entrypoint-client, cf, cf-router, bosh-dns-service, riemann-general-client, ldap-wrapper-entrypoint-client",bits/1264dc98-8d4e-4801-9f1f-702a8ca4d5b6,bits,i-0507c95e0f2771f4f
i-05565fe76680050b0,t2.medium,us-gov-west-1b,,vpc-1e12097b,subnet-a014a5c4,service-fabrik-bosh-services,mongodb/9ff17f07-270c-422f-8f3b-f4198b733300,mongodb,i-05565fe76680050b0
i-0761bc32c704d1404,t2.small,us-gov-west-1a,,vpc-1e12097b,subnet-c8a40fbe,service-fabrik-bosh-services,pgpool/0820095f-fcde-4c88-8161-4a7455dadcad,pgpool,i-0761bc32c704d1404
i-0c1a6a8b28b68eea7,c4.large,us-gov-west-1a,,vpc-6c0a1109,subnet-02ba1174,"application-logging-entrypoint-client, logsearch-entrypoint-client, cf, cf-router, bosh-dns-service, riemann-general-client, ldap-wrapper-entrypoint-client",adapter/7af8c88c-f813-44b6-b025-50a76f68d314,adapter,i-0c1a6a8b28b68eea7
i-0d34ff9d000b7f4e5,c4.xlarge,us-gov-west-1b,,vpc-6c0a1109,subnet-9e2899fa,"cf-router-accessible, bosh-dns-service, bosh-deployment, cf-nats-client, riemann-general-client, logsearch-elasticsearch",kafka/e74eccfc-cfcd-4974-bbf0-7f3c6521e0ec,kafka,i-0d34ff9d000b7f4e5
i-0f9922446ba487a52,m4.xlarge,us-gov-west-1a,,vpc-1e12097b,subnet-c8a40fbe,service-fabrik-bosh-services,mongodb/dbf5ad47-f53e-4a08-a821-f7ee3387c3a1,mongodb,i-0f9922446ba487a52
i-03e8a2cbc3b0357cd,t2.medium,us-gov-west-1a,,vpc-1e12097b,subnet-c8a40fbe,service-fabrik-bosh-services,postgresql/1c2ecf71-48ca-45e8-aad9-99ddccddefb4,postgresql,i-03e8a2cbc3b0357cd
i-05ceba93c9a3a84f2,c4.xlarge,us-gov-west-1a,,vpc-6c0a1109,subnet-43af0435,bosh,bosh/0,bosh,i-05ceba93c9a3a84f2
i-02f4e31630d8aa587,t2.micro,us-gov-west-1b,,vpc-1e12097b,subnet-a014a5c4,service-fabrik-bosh-services,rabbitmq/e1a66388-500f-459a-a361-fce78f6e0554,rabbitmq,i-02f4e31630d8aa587
i-006d9059be767018a,c4.large,us-gov-west-1a,,vpc-6c0a1109,subnet-02ba1174,"cf-router-accessible, bosh-dns-service, bosh-deployment, cf-nats-client, riemann-general-client, logsearch-elasticsearch",elasticsearch_master/132bff4e-a2f4-4d0c-b448-ac1c2fa8ed1d,elasticsearch_master,i-006d9059be767018a
i-05963f572fdcf9573,c4.xlarge,us-gov-west-1a,,vpc-6c0a1109,subnet-02ba1174,"cf-router-accessible, bosh-dns-service, bosh-deployment, cf-nats-client, riemann-general-client, logsearch-elasticsearch",log_parser/b9ae4156-c792-4732-aeba-af965b5a58be,log_parser,i-05963f572fdcf9573
i-0971bba305b342cde,t2.small,us-gov-west-1a,,vpc-1e12097b,subnet-c8a40fbe,service-fabrik-bosh-services,pgpool/016839bc-4a29-4995-bd4b-d04d9e336c10,pgpool,i-0971bba305b342cde
i-0373bda4094319c6d,c4.2xlarge,us-gov-west-1a,,vpc-1e12097b,subnet-a1b219d7,service-fabrik,broker/dd24ad3d-2df5-4445-8dcf-65db8595967f,broker,i-0373bda4094319c6d
i-02123b31617d51164,t2.small,us-gov-west-1a,,vpc-1e12097b,subnet-c8a40fbe,service-fabrik-bosh-services,pgpool/3a83e173-40b8-4060-a5f9-651b7c2a4ec2,pgpool,i-02123b31617d51164
i-018d9ded75f723e4e,c4.xlarge,us-gov-west-1b,,vpc-6c0a1109,subnet-9113a2f5,"logsearch-entrypoint-client, application-logging-elasticsearch, cf-router-accessible, bosh-dns-service, bosh-deployment, cf-nats-client, riemann-general-client",log_parser/6a5dc0b7-c4a6-4fe4-8d5c-6ebced7c1ea9,log_parser,i-018d9ded75f723e4e
i-0095203ba7da498be,t2.small,us-gov-west-1a,,vpc-1e12097b,subnet-c8a40fbe,service-fabrik-bosh-services,redis/a220d7b7-cbe8-41fd-8dbd-e71f780a6205,redis,i-0095203ba7da498be
i-079a3f00879ab07e6,c4.large,us-gov-west-1b,,vpc-6c0a1109,subnet-9113a2f5,"logsearch-entrypoint-client, application-logging-elasticsearch, cf-router-accessible, bosh-dns-service, bosh-deployment, cf-nats-client, riemann-general-client",zookeeper/0d08c085-10f1-4b51-b9f6-552ead3bbbbc,zookeeper,i-079a3f00879ab07e6
i-0e7802dfffdd950c4,c4.2xlarge,us-gov-west-1a,,vpc-6c0a1109,subnet-36ad0640,"logsearch-entrypoint-client, application-logging-elasticsearch, cf-router-accessible, bosh-dns-service, bosh-deployment, cf-nats-client, riemann-general-client",elasticsearch_data/238b5b58-1eed-4bce-a97d-5320bc11f717,elasticsearch_data,i-0e7802dfffdd950c4
i-08c742c28de45cd8b,t3.large,us-gov-west-1a,,vpc-ff684e9a,subnet-cfa35ab9,GitLab CE Certified by Bitnami-11-0-2-0 on Ubuntu 16-04-AutogenByAWSMP-,gitlab-ns2-us00-dev,,i-08c742c28de45cd8b
i-0470a90d14619e764,c4.large,us-gov-west-1a,,vpc-6c0a1109,subnet-02ba1174,"cf-router-accessible, bosh-dns-service, bosh-deployment, cf-nats-client, riemann-general-client, logsearch-elasticsearch",elasticsearch_master/726b791b-64d5-4d50-a52f-0c065b7908d7,elasticsearch_master,i-0470a90d14619e764
i-0e442fe608541e057,m4.4xlarge,us-gov-west-1a,,vpc-1e12097b,subnet-c8a40fbe,service-fabrik-bosh-services,postgresql/16bd5d6f-618d-4dfa-93a0-71e8dbb2d2fe,postgresql,i-0e442fe608541e057
i-0d854242a8b5aa9cb,c4.large,us-gov-west-1a,,vpc-6c0a1109,subnet-02ba1174,"cf-router-accessible, bosh-dns-service, bosh-deployment, cf-nats-client, riemann-general-client, logsearch-elasticsearch",web/9e786a01-18c3-44bf-b2d1-a530f8894407,web,i-0d854242a8b5aa9cb
i-065f3911c5b9cb455,t2.micro,us-gov-west-1b,,vpc-1e12097b,subnet-a014a5c4,service-fabrik-bosh-services,haproxy/e1874d10-a51c-43b0-b927-59e428af1baa,haproxy,i-065f3911c5b9cb455
i-0d9015efdf5a0d7fa,t2.large,us-gov-west-1a,,vpc-1e12097b,subnet-a1b219d7,service-fabrik,etcd/1b328dec-faf9-48c6-a459-463b216471c5,etcd,i-0d9015efdf5a0d7fa
i-000c7768c4db303c9,c4.large,us-gov-west-1a,,vpc-6c0a1109,subnet-36ad0640,"logsearch-entrypoint-client, application-logging-elasticsearch, cf-router-accessible, bosh-dns-service, bosh-deployment, cf-nats-client, riemann-general-client",zookeeper/a096b5d0-fa1f-4612-be8b-7d4b3ba78270,zookeeper,i-000c7768c4db303c9
i-0e6f38bf2f71c78db,t2.small,us-gov-west-1a,,vpc-1e12097b,subnet-c8a40fbe,service-fabrik-bosh-services,redis/decacc84-0caf-4c5a-ae98-b678a6dfc7c3,redis,i-0e6f38bf2f71c78db
i-09e24074ff0db32d7,t2.micro,us-gov-west-1b,,vpc-1e12097b,subnet-a014a5c4,service-fabrik-bosh-services,rabbitmq/1d079978-8c42-41e4-8856-bf6f423ce405,rabbitmq,i-09e24074ff0db32d7
i-050dcf4518c4afe48,c4.large,us-gov-west-1a,,vpc-6c0a1109,subnet-02ba1174,"application-logging-entrypoint-client, logsearch-entrypoint-client, cf, cf-router, bosh-dns-service, riemann-general-client, ldap-wrapper-entrypoint-client",graphite-nozzle/0c0a6098-9a83-4c92-b012-95477202f730,graphite-nozzle,i-050dcf4518c4afe48
i-06f0653ad45819fe5,t3.micro,us-gov-west-1a,,vpc-ff684e9a,subnet-cfa35ab9,GitLab CE Certified by Bitnami-11-0-2-0 on Ubuntu 16-04-AutogenByAWSMP-,AMI Builder ,,i-06f0653ad45819fe5
i-023421a808de45258,t2.small,us-gov-west-1a,,vpc-1e12097b,subnet-c8a40fbe,service-fabrik-bosh-services,pgpool/e030f99b-4995-4ab1-989e-0a7187eab475,pgpool,i-023421a808de45258
i-043a787f4756cc313,m4.2xlarge,us-gov-west-1a,,vpc-6c0a1109,subnet-02ba1174,"logsearch-entrypoint-client, cf, cf-router, bosh-dns-service, riemann-general-client",diego-cell/2765e532-5de6-4ac6-b9ca-c2cb934490e3,diego-cell,i-043a787f4756cc313
i-02f3c5946c8b7dec6,t2.medium,us-gov-west-1c,,vpc-83f0e0e6,subnet-14584f52,"consul20181218211849423900000008, vault_ns2-development20181218211848774200000005",vault-2-ns2-development,,i-02f3c5946c8b7dec6
i-04f15926718f1f03a,c4.large,us-gov-west-1b,,vpc-6c0a1109,subnet-9e2899fa,"cf-router-accessible, bosh-dns-service, bosh-deployment, cf-nats-client, riemann-general-client, logsearch-elasticsearch",elasticsearch_master/152c872d-9d7a-4074-9bfd-b42f14c647c7,elasticsearch_master,i-04f15926718f1f03a
i-05d2901bb3226cbd9,t2.small,us-gov-west-1a,,vpc-1e12097b,subnet-c8a40fbe,service-fabrik-bosh-services,pgpool/2ff421e8-b73a-4cc9-9725-55353cca672b,pgpool,i-05d2901bb3226cbd9
i-0c0939965d565a70c,t2.medium,us-gov-west-1b,,vpc-1e12097b,subnet-a014a5c4,service-fabrik-bosh-services,mongodb/5b9945c4-e003-4178-b9e0-eb18a28284f3,mongodb,i-0c0939965d565a70c
i-077dd4e310e3e1882,m4.2xlarge,us-gov-west-1a,,vpc-6c0a1109,subnet-02ba1174,"logsearch-entrypoint-client, cf, cf-router, bosh-dns-service, riemann-general-client",diego-cell/01967728-a44f-46bb-8336-20b4a7893270,diego-cell,i-077dd4e310e3e1882
i-027ea563787e5aecf,c4.xlarge,us-gov-west-1a,,vpc-6c0a1109,subnet-02ba1174,"application-logging-entrypoint-client, logsearch-entrypoint-client, cf, cf-router, bosh-dns-service, riemann-general-client, ldap-wrapper-entrypoint-client",log-api/59e2269c-95c9-41d2-a5f5-aceb93d14f66,log-api,i-027ea563787e5aecf
i-00ba586a3221f051d,t2.medium,us-gov-west-1a,,vpc-1e12097b,subnet-c8a40fbe,service-fabrik-bosh-services,postgresql/49ddfa67-0e07-4bab-8917-643385b7769a,postgresql,i-00ba586a3221f051d
i-0ec4d1b43b937285c,c4.xlarge,us-gov-west-1a,,vpc-6c0a1109,subnet-02ba1174,"jumpbox, cf-router-accessible, concourse, bosh-dns-service, cf-nats-client",web/1d507987-a6d0-4915-b9e0-3e881fc5b7a3,web,i-0ec4d1b43b937285c
i-0b32ad331b46bbd98,c4.4xlarge,us-gov-west-1a,,vpc-6c0a1109,subnet-43af0435,bosh,bosh/0c38a6b6-2c53-42f7-b665-85abaa871448,bosh,i-0b32ad331b46bbd98
i-06da405fdd0199145,t2.medium,us-gov-west-1a,,vpc-1e12097b,subnet-c8a40fbe,service-fabrik-bosh-services,postgresql/29fc1bc4-948d-4ff6-994f-5f45b1b0c6ca,postgresql,i-06da405fdd0199145
i-025a688d06bb81939,t2.medium,us-gov-west-1a,,vpc-83f0e0e6,subnet-459a3833,"consul20181218211849423900000008, vault_ns2-development20181218211848774200000005",vault-0-ns2-development,,i-025a688d06bb81939
i-090db87790d53c010,c4.xlarge,us-gov-west-1b,,vpc-6c0a1109,subnet-9e2899fa,"jumpbox, cf-router-accessible, concourse, bosh-dns-service, cf-nats-client",web/dc948b68-c709-4b8d-a4e2-f26a65fc7f18,web,i-090db87790d53c010
i-048b0db2ef0836d01,t2.small,us-gov-west-1a,,vpc-1e12097b,subnet-c8a40fbe,service-fabrik-bosh-services,pgpool/bd5c1be1-08a0-4dc4-b119-b5e3a2a7add1,pgpool,i-048b0db2ef0836d01
i-0caeb0d902878ca41,m4.2xlarge,us-gov-west-1a,,vpc-6c0a1109,subnet-02ba1174,"logsearch-entrypoint-client, cf, cf-router, bosh-dns-service, riemann-general-client",diego-cell/01aa9a9f-a87b-426b-9eb0-35982b495385,diego-cell,i-0caeb0d902878ca41
i-0544ee27b9b91d597,t2.small,us-gov-west-1a,,vpc-1e12097b,subnet-c8a40fbe,service-fabrik-bosh-services,pgpool/017a973d-3513-4c05-8eb4-74cd6e80e66e,pgpool,i-0544ee27b9b91d597
i-0f2123738931048e4,t2.small,us-gov-west-1a,,vpc-1e12097b,subnet-c8a40fbe,service-fabrik-bosh-services,pgpool/eac9e18a-a923-4003-8876-9aaf240cfab1,pgpool,i-0f2123738931048e4
i-00f86f0af79d04f8c,t2.small,us-gov-west-1a,,vpc-1e12097b,subnet-c8a40fbe,service-fabrik-bosh-services,postgresql/6f727749-3833-4430-bc2d-bfadca1ffe54,postgresql,i-00f86f0af79d04f8c
i-00aaf607daec7cb49,t2.small,us-gov-west-1a,,vpc-1e12097b,subnet-c8a40fbe,service-fabrik-bosh-services,pgpool/6c6a3905-fae0-4d99-82bd-cdd9d5a47dfb,pgpool,i-00aaf607daec7cb49
i-06f492207eee8333f,m4.large,us-gov-west-1a,,vpc-1e12097b,subnet-a1b219d7,service-fabrik,swarm-manager/0dbc1314-1c2a-4b2b-b232-af9abb60820c,swarm-manager,i-06f492207eee8333f
i-06b71fdd21d45f953,c4.xlarge,us-gov-west-1b,,vpc-6c0a1109,subnet-9113a2f5,"logsearch-entrypoint-client, application-logging-elasticsearch, cf-router-accessible, bosh-dns-service, bosh-deployment, cf-nats-client, riemann-general-client",kafka/6f26d1b0-7de2-4691-b617-bb13e48fcc22,kafka,i-06b71fdd21d45f953
i-02a995dc54c65e274,c4.large,us-gov-west-1a,,vpc-6c0a1109,subnet-36ad0640,"logsearch-entrypoint-client, application-logging-elasticsearch, cf-router-accessible, bosh-dns-service, bosh-deployment, cf-nats-client, riemann-general-client",elasticsearch_master/85e0692d-efeb-454d-815a-dd7a5116af08,elasticsearch_master,i-02a995dc54c65e274
i-0129d58a3e7e9d8db,c4.xlarge,us-gov-west-1a,,vpc-6c0a1109,subnet-02ba1174,"application-logging-entrypoint-client, logsearch-entrypoint-client, cf, cf-router, bosh-dns-service, riemann-general-client, ldap-wrapper-entrypoint-client",router/882baa67-137d-49fa-a7d3-9f0dc9629d89,router,i-0129d58a3e7e9d8db
i-0c8bb54c7b4e17bd4,c4.large,us-gov-west-1a,,vpc-6c0a1109,subnet-36ad0640,"logsearch-entrypoint-client, application-logging-elasticsearch, cf-router-accessible, bosh-dns-service, bosh-deployment, cf-nats-client, riemann-general-client",zookeeper/10d5940d-eda9-47d6-93ed-0ba9c13cf3b6,zookeeper,i-0c8bb54c7b4e17bd4
i-08f14f1836e06c2ce,t2.small,us-gov-west-1a,,vpc-1e12097b,subnet-c8a40fbe,service-fabrik-bosh-services,pgpool/99ec7481-4fb1-4e74-b550-a3481f728c94,pgpool,i-08f14f1836e06c2ce
i-0d9c4ad99b0b7af20,t2.small,us-gov-west-1a,,vpc-1e12097b,subnet-c8a40fbe,service-fabrik-bosh-services,postgresql/8ccca592-0267-4f8c-89ec-bd5057e7dc30,postgresql,i-0d9c4ad99b0b7af20
i-03ca0caeb1bf47bb2,c4.xlarge,us-gov-west-1b,,vpc-6c0a1109,subnet-9e2899fa,"cf-router-accessible, bosh-dns-service, bosh-deployment, cf-nats-client, riemann-general-client, logsearch-elasticsearch",kafka/fb21da1e-cb7b-4ef6-8012-c5ac0094d1e0,kafka,i-03ca0caeb1bf47bb2
i-0ce70094c7d9c0b64,t2.micro,us-gov-west-1a,,vpc-1e12097b,subnet-c8a40fbe,service-fabrik-bosh-services,blueprint/54b95736-5b03-4870-8df5-35b225e9de14,blueprint,i-0ce70094c7d9c0b64
i-00f7b1f4379085c40,t2.small,us-gov-west-1a,,vpc-1e12097b,subnet-c8a40fbe,service-fabrik-bosh-services,pgpool/59fd89a8-f8b0-4480-b6ce-36f097bcc6b4,pgpool,i-00f7b1f4379085c40
i-02937fdd409be362e,c4.large,us-gov-west-1b,,vpc-6c0a1109,subnet-9e2899fa,"cf-router-accessible, bosh-dns-service, bosh-deployment, cf-nats-client, logsearch-entrypoint, riemann-general-client, logsearch-elasticsearch",haproxy/91f94835-af5f-4b99-8cf5-e467a2351c1f,haproxy,i-02937fdd409be362e
i-03402a3835f397e4f,c4.xlarge,us-gov-west-1b,,vpc-6c0a1109,subnet-9113a2f5,"logsearch-entrypoint-client, application-logging-elasticsearch, cf-router-accessible, application-logging-entrypoint, bosh-dns-service, bosh-deployment, cf-nats-client, riemann-general-client",sleeve_forwarder/0ef99a06-b9eb-43ab-b913-aa69733b2c15,sleeve_forwarder,i-03402a3835f397e4f
i-0d8fab087d4039825,c4.large,us-gov-west-1a,,vpc-6c0a1109,subnet-02ba1174,"cf-router-accessible, bosh-dns-service, bosh-deployment, cf-nats-client, logsearch-entrypoint, riemann-general-client, logsearch-elasticsearch",haproxy/8b5459ee-78af-4079-89a1-7f631c415745,haproxy,i-0d8fab087d4039825
i-0c68e2e90447b33b7,t2.medium,us-gov-west-1b,,vpc-1e12097b,subnet-a014a5c4,service-fabrik-bosh-services,mongodb/21887dea-ba8d-4dd8-a156-31d9b4de04be,mongodb,i-0c68e2e90447b33b7
i-0f4a234a6f0ca9163,c4.large,us-gov-west-1a,,vpc-6c0a1109,subnet-02ba1174,"application-logging-entrypoint-client, logsearch-entrypoint-client, cf, cf-router, bosh-dns-service, riemann-general-client, ldap-wrapper-entrypoint-client",credhub/c5137089-2d84-4fae-8fe4-77681768f84d,credhub,i-0f4a234a6f0ca9163
i-086d3326d01f5b274,c4.xlarge,us-gov-west-1b,,vpc-6c0a1109,subnet-9e2899fa,"logsearch-entrypoint-client, cf, cf-router, bosh-dns-service",ha_proxy_z2/ad0df918-be9e-46dc-ad30-0d9161b71641,ha_proxy_z2,i-086d3326d01f5b274
i-0b286cb1d0244e1eb,c4.large,us-gov-west-1a,,vpc-6c0a1109,subnet-36ad0640,"logsearch-entrypoint-client, application-logging-elasticsearch, cf-router-accessible, bosh-dns-service, bosh-deployment, cf-nats-client, riemann-general-client",sleeve_broker/99f409b6-3264-456f-896e-9edeafb1d2f0,sleeve_broker,i-0b286cb1d0244e1eb
i-0a7078a603c220f2c,m4.2xlarge,us-gov-west-1a,,vpc-6c0a1109,subnet-02ba1174,"logsearch-entrypoint-client, cf, cf-router, bosh-dns-service, riemann-general-client",diego-cell/745e9573-59b3-4614-be22-39a424bba704,diego-cell,i-0a7078a603c220f2c
i-08918c88575d9869b,t2.small,us-gov-west-1a,,vpc-1e12097b,subnet-c8a40fbe,service-fabrik-bosh-services,pgpool/683f22f0-40d4-49bc-8099-eccbc6ce706d,pgpool,i-08918c88575d9869b
i-04b931359becf5a1a,t2.small,us-gov-west-1a,,vpc-1e12097b,subnet-c8a40fbe,service-fabrik-bosh-services,pgpool/b7ee8de7-a58f-483c-a728-aa3b7f038146,pgpool,i-04b931359becf5a1a
i-056e228e2fac7abc1,c4.large,us-gov-west-1b,,vpc-6c0a1109,subnet-9e2899fa,"cf-router-accessible, bosh-dns-service, bosh-deployment, cf-nats-client, riemann-general-client, logsearch-elasticsearch",ingestor_syslog/36434bb3-dcf3-4141-9850-8bbd76def744,ingestor_syslog,i-056e228e2fac7abc1
i-0970c96adcc5c723b,t2.medium,us-gov-west-1a,,vpc-1e12097b,subnet-c8a40fbe,service-fabrik-bosh-services,postgresql/397f91cf-a446-4e45-8071-26507cc42a69,postgresql,i-0970c96adcc5c723b
i-0226971383276bfa0,c4.xlarge,us-gov-west-1b,,vpc-6c0a1109,subnet-9113a2f5,"logsearch-entrypoint-client, application-logging-elasticsearch, cf-router-accessible, bosh-dns-service, bosh-deployment, cf-nats-client, riemann-general-client",metric_parser/e6093e8a-1dcf-4a24-b5ec-d779bf470bf5,metric_parser,i-0226971383276bfa0
i-0bf67f75be466e32c,t2.small,us-gov-west-1a,,vpc-1e12097b,subnet-c8a40fbe,service-fabrik-bosh-services,postgresql/685228e4-65a1-4329-8e89-e5ec1f47b29e,postgresql,i-0bf67f75be466e32c
i-070a3c2dbea0c5981,t2.medium,us-gov-west-1a,,vpc-1e12097b,subnet-c8a40fbe,service-fabrik-bosh-services,postgresql/fd3cc405-3b02-424a-aed1-107d6c7688b4,postgresql,i-070a3c2dbea0c5981
i-099c78ab791b9de0a,t2.small,us-gov-west-1a,,vpc-1e12097b,subnet-c8a40fbe,service-fabrik-bosh-services,postgresql/7445f28b-7349-400f-9a61-bbb9b32abd38,postgresql,i-099c78ab791b9de0a
i-085fec66d27de4fd8,t2.xlarge,us-gov-west-1a,,vpc-6c0a1109,subnet-03ba1175,"jumpbox, jb_external",jb-ns2-us00-dev,,i-085fec66d27de4fd8
i-09cfbafa29ee6e3c9,t2.medium,us-gov-west-1a,,vpc-1e12097b,subnet-c8a40fbe,service-fabrik-bosh-services,postgresql/d1497016-8bb6-49ed-bbdf-1546a92c5296,postgresql,i-09cfbafa29ee6e3c9
i-0c087432d4022ec35,c4.xlarge,us-gov-west-1a,,vpc-6c0a1109,subnet-02ba1174,"cf-router-accessible, bosh-dns-service, bosh-deployment, cf-nats-client, riemann-general-client, logsearch-elasticsearch",kafka/e82a9870-c00c-4cff-a5fd-6d8986a5df00,kafka,i-0c087432d4022ec35
i-00b86c8601d908d1a,t2.small,us-gov-west-1a,,vpc-1e12097b,subnet-c8a40fbe,service-fabrik-bosh-services,postgresql/112ae1ab-1a00-4eb2-ab64-7f25303849cb,postgresql,i-00b86c8601d908d1a
i-0b311f84e79b09120,m4.xlarge,us-gov-west-1b,,vpc-1e12097b,subnet-a014a5c4,service-fabrik-bosh-services,rabbitmq/fc20c963-52d3-4264-ae3a-89aed0cca395,rabbitmq,i-0b311f84e79b09120
i-0ba4bad22e1540fa3,t2.medium,us-gov-west-1a,,vpc-1e12097b,subnet-c8a40fbe,service-fabrik-bosh-services,postgresql/e97c0f0d-186c-4e3c-b00d-b04145024bae,postgresql,i-0ba4bad22e1540fa3
i-0e2cfe51fb5a1991e,t2.small,us-gov-west-1a,,vpc-1e12097b,subnet-c8a40fbe,service-fabrik-bosh-services,pgpool/db4d906f-5cf5-40f3-8e0a-ba36644dce1d,pgpool,i-0e2cfe51fb5a1991e
i-0265d79a47972739a,m4.large,us-gov-west-1a,,vpc-6c0a1109,subnet-02ba1174,"application-logging-entrypoint-client, logsearch-entrypoint-client, cf, cf-router, bosh-dns-service, riemann-general-client, ldap-wrapper-entrypoint-client",diego-api/f96a4d9d-e6bf-4eff-8f83-bdfbb532185a,diego-api,i-0265d79a47972739a
i-0c85c0656c98cf9e0,t2.small,us-gov-west-1a,,vpc-1e12097b,subnet-c8a40fbe,service-fabrik-bosh-services,pgpool/b3bfd067-bb69-4724-bb23-35a49a582e64,pgpool,i-0c85c0656c98cf9e0
i-0c66ff06974671d23,t2.small,us-gov-west-1a,,vpc-1e12097b,subnet-c8a40fbe,service-fabrik-bosh-services,pgpool/fabbcd99-1b8e-4a62-9305-9bbafc6ed177,pgpool,i-0c66ff06974671d23
